target_name,Acc_number,target_length,query_name,query_length,E_value,seq_score,bias,domain_score,hmm_coord_start,hmm_coord_to,evn_coord_start,env_coord_end,acc,target_description
HLH,PF00010.30,53,Ambrosiozyma_kashinagacola,752,6.1e-08,32.5,0.2,31.5,642,696,642,696,0.9,Helix-loop-helix DNA-binding domain
HLH,PF00010.30,53,Ambrosiozyma_monospora,1055,4.1e-08,33.1,0.3,32.1,783,836,783,837,0.9,Helix-loop-helix DNA-binding domain
HLH,PF00010.30,53,Arthrobotrys_oligospora,649,2.8e-12,46.5,0.5,45.3,537,598,537,598,0.96,Helix-loop-helix DNA-binding domain
HLH,PF00010.30,53,Arxula_adeninivorans,513,5.9e-11,42.2,0.6,41.3,442,492,442,492,0.98,Helix-loop-helix DNA-binding domain
HLH,PF00010.30,53,Ashbya_aceri,405,7.6e-12,45.1,0.1,43.9,347,401,347,401,0.95,Helix-loop-helix DNA-binding domain
HLH,PF00010.30,53,Aspergillus_nidulans,707,7.8e-12,45,0.5,44.1,570,645,570,645,0.97,Helix-loop-helix DNA-binding domain
HLH,PF00010.30,53,Babjeviella_inositovora,771,7.4e-09,35.5,0,32.5,653,716,653,717,0.85,Helix-loop-helix DNA-binding domain
HLH,PF00010.30,53,Botrytis_cinerea,667,2.1e-10,40.4,0,38.8,563,644,563,644,0.96,Helix-loop-helix DNA-binding domain
HLH,PF00010.30,53,Brettanomyces_anomalus,676,9.8e-10,38.3,0.1,-4.1,386,394,383,395,0.79,Helix-loop-helix DNA-binding domain
HLH,PF00010.30,53,Brettanomyces_anomalus,676,9.8e-10,38.3,0.1,38.3,566,620,566,620,0.89,Helix-loop-helix DNA-binding domain
HLH,PF00010.30,53,Candida_albicans,659,1.9e-09,37.4,0.1,-3.5,244,257,242,259,0.65,Helix-loop-helix DNA-binding domain
HLH,PF00010.30,53,Candida_albicans,659,1.9e-09,37.4,0.1,37.4,595,648,595,649,0.9,Helix-loop-helix DNA-binding domain
HLH,PF00010.30,53,Candida_arabinofermentans,804,6.5e-09,35.7,0.2,34.5,639,692,639,693,0.92,Helix-loop-helix DNA-binding domain
HLH,PF00010.30,53,Candida_auris,469,5.6e-10,39.1,0.4,38,387,440,387,441,0.91,Helix-loop-helix DNA-binding domain
HLH,PF00010.30,53,Candida_boidinii_JCM9604,1296,1.1e-08,35,1.1,33.8,1147,1201,1147,1201,0.91,Helix-loop-helix DNA-binding domain
HLH,PF00010.30,53,Candida_carpophila,432,9.7e-11,41.5,0.1,40.7,369,422,369,423,0.93,Helix-loop-helix DNA-binding domain
HLH,PF00010.30,53,Candida_glabrata,533,1.2e-07,31.6,0.2,30.6,471,524,471,525,0.93,Helix-loop-helix DNA-binding domain
HLH,PF00010.30,53,Candida_homilentoma,565,3.4e-09,36.6,0.1,35.5,502,555,502,556,0.91,Helix-loop-helix DNA-binding domain
HLH,PF00010.30,53,Candida_infanticola,469,5.9e-12,45.4,2.7,-1.9,2,12,1,20,0.81,Helix-loop-helix DNA-binding domain
HLH,PF00010.30,53,Candida_infanticola,469,5.9e-12,45.4,2.7,43.6,402,451,402,452,0.96,Helix-loop-helix DNA-binding domain
HLH,PF00010.30,53,Candida_intermedia,423,1.5e-09,37.7,0.4,36.4,358,411,358,412,0.93,Helix-loop-helix DNA-binding domain
HLH,PF00010.30,53,Candida_orthopsilosis,605,1.4e-10,41,0.3,39.8,535,588,535,589,0.92,Helix-loop-helix DNA-binding domain
Sec23_trunk,PF04811.19,241,Candida_parapsilosis,1404,3.1e-65,220.3,0,219.5,766,1029,765,1029,0.97,Sec23/Sec24 trunk domain
Sec23_helical,PF04815.19,103,Candida_parapsilosis,1404,2.9e-26,91.5,0.2,90.4,1152,1250,1152,1251,0.97,Sec23/Sec24 helical domain
Sec23_BS,PF08033.16,86,Candida_parapsilosis,1404,1.2e-24,86.9,0.3,85.5,1040,1138,1040,1141,0.91,Sec23/Sec24 beta-sandwich domain
zf-Sec23_Sec24,PF04810.19,39,Candida_parapsilosis,1404,4.4e-12,46,7.6,44.9,698,737,698,737,0.98,Sec23/Sec24 zinc finger
Gelsolin,PF00626.26,76,Candida_parapsilosis,1404,1.1e-10,41.4,0,39.7,1265,1352,1264,1352,0.96,Gelsolin repeat NA
HLH,PF00010.30,53,Candida_parapsilosis,1404,9.6e-10,38.3,0.4,37.2,549,602,549,603,0.92,Helix-loop-helix DNA-binding domain
HLH,PF00010.30,53,Candida_sojae,651,7e-10,38.8,0.1,37.7,578,631,578,632,0.91,Helix-loop-helix DNA-binding domain
HLH,PF00010.30,53,Candida_sorboxylosa,547,1.3e-08,34.7,0.1,33.4,481,535,481,535,0.92,Helix-loop-helix DNA-binding domain
HLH,PF00010.30,53,Candida_succiphila,877,2.4e-09,37.1,1.2,-3.3,733,743,732,744,0.8,Helix-loop-helix DNA-binding domain
HLH,PF00010.30,53,Candida_succiphila,877,2.4e-09,37.1,1.2,37.1,760,814,760,814,0.95,Helix-loop-helix DNA-binding domain
HLH,PF00010.30,53,Candida_tanzawaensis,609,9.2e-10,38.4,0,37.5,543,596,543,597,0.9,Helix-loop-helix DNA-binding domain
HLH,PF00010.30,53,Candida_tenuis,436,7.1e-09,35.5,0,34.6,372,425,372,426,0.87,Helix-loop-helix DNA-binding domain
HLH,PF00010.30,53,Candida_versatilis,303,8.1e-09,35.4,0.7,34.7,241,291,241,291,0.96,Helix-loop-helix DNA-binding domain
HLH,PF00010.30,53,Coccidioides_immitis,717,1.1e-10,41.3,0.2,40.3,565,647,565,647,0.98,Helix-loop-helix DNA-binding domain
HLH,PF00010.30,53,Cyberlindnera_fabianii_JCM3601,567,7e-12,45.2,0.7,0.1,434,452,427,453,0.8,Helix-loop-helix DNA-binding domain
HLH,PF00010.30,53,Cyberlindnera_fabianii_JCM3601,567,7e-12,45.2,0.7,42.4,482,536,482,536,0.96,Helix-loop-helix DNA-binding domain
HLH,PF00010.30,53,Cyberlindnera_jadinii,548,1.1e-09,38.1,0.1,37,461,514,461,515,0.93,Helix-loop-helix DNA-binding domain
HLH,PF00010.30,53,Debaryomyces_hansenii,498,9.3e-10,38.4,0.3,37.4,431,484,431,485,0.9,Helix-loop-helix DNA-binding domain
HLH,PF00010.30,53,Dekkera_bruxellensis,712,5e-10,39.2,2.1,6.4,591,608,591,609,0.92,Helix-loop-helix DNA-binding domain
HLH,PF00010.30,53,Dekkera_bruxellensis,712,5e-10,39.2,2.1,35.8,602,656,602,656,0.9,Helix-loop-helix DNA-binding domain
HLH,PF00010.30,53,Eremothecium_coryli,505,3.6e-11,42.9,0.4,41.8,447,501,447,501,0.94,Helix-loop-helix DNA-binding domain
HLH,PF00010.30,53,Eremothecium_cymbalariae,578,8.9e-12,44.8,0.1,43.9,520,574,520,574,0.94,Helix-loop-helix DNA-binding domain
HLH,PF00010.30,53,Eremothecium_gossypii,396,7.4e-12,45.1,0.3,-1.3,46,55,43,56,0.8,Helix-loop-helix DNA-binding domain
HLH,PF00010.30,53,Eremothecium_gossypii,396,7.4e-12,45.1,0.3,45.1,338,392,338,392,0.95,Helix-loop-helix DNA-binding domain
HLH,PF00010.30,53,Eremothecium_sinecaudum,493,9.8e-12,44.7,0.7,-3.7,15,29,10,30,0.74,Helix-loop-helix DNA-binding domain
HLH,PF00010.30,53,Eremothecium_sinecaudum,493,9.8e-12,44.7,0.7,42.8,435,489,435,489,0.9,Helix-loop-helix DNA-binding domain
HLH,PF00010.30,53,Fusarium_graminearum,656,2.3e-07,30.7,0,29.7,562,629,562,629,0.97,Helix-loop-helix DNA-binding domain
SMC_N,PF02463.23,220,Hanseniaspora_valbyensis,775,2.2e-29,102.6,0,101.9,147,769,33,770,0.78,RecF/RecN/SMC N terminal
HLH,PF00010.30,53,Hanseniaspora_valbyensis,775,3.5e-11,42.9,2.2,42.6,536,589,536,590,0.94,Helix-loop-helix DNA-binding domain
HLH,PF00010.30,53,Hanseniaspora_valbyensis,775,3.5e-11,42.9,2.2,-2.6,612,628,610,634,0.78,Helix-loop-helix DNA-binding domain
HLH,PF00010.30,53,Hanseniaspora_vinae,408,1.6e-12,47.3,0.1,46,345,397,344,398,0.94,Helix-loop-helix DNA-binding domain
HLH,PF00010.30,53,Hyphopichia_burtonii,526,1.2e-09,38,0.1,36.8,464,517,464,518,0.91,Helix-loop-helix DNA-binding domain
HLH,PF00010.30,53,Kazachstania_naganishii,476,4.9e-08,32.9,0.3,31.6,413,467,413,467,0.88,Helix-loop-helix DNA-binding domain
HLH,PF00010.30,53,Kluyveromyces_lactis,689,4e-09,36.4,0.4,35.4,629,682,629,683,0.91,Helix-loop-helix DNA-binding domain
HLH,PF00010.30,53,Kluyveromyces_marxianus,697,2e-09,37.3,0.4,36.3,639,692,639,693,0.92,Helix-loop-helix DNA-binding domain
HLH,PF00010.30,53,Kuraishia_capsulata,560,2e-10,40.5,0.3,39.7,474,528,474,528,0.87,Helix-loop-helix DNA-binding domain
HLH,PF00010.30,53,Lachancea_cidri,475,4e-11,42.8,0.3,-3.8,389,400,383,401,0.78,Helix-loop-helix DNA-binding domain
HLH,PF00010.30,53,Lachancea_cidri,475,4e-11,42.8,0.3,42.8,413,466,413,467,0.89,Helix-loop-helix DNA-binding domain
HLH,PF00010.30,53,Lachancea_dasiensis,557,5.9e-10,39,0.3,37.8,494,546,493,547,0.86,Helix-loop-helix DNA-binding domain
HLH,PF00010.30,53,Lachancea_fantastica,553,3.1e-10,39.9,0.1,38.9,489,542,489,543,0.93,Helix-loop-helix DNA-binding domain
HLH,PF00010.30,53,Lachancea_fermentati,146,2.3e-11,43.5,0.2,-1.9,60,72,56,73,0.84,Helix-loop-helix DNA-binding domain
HLH,PF00010.30,53,Lachancea_fermentati,146,2.3e-11,43.5,0.2,43.5,84,138,84,138,0.89,Helix-loop-helix DNA-binding domain
HLH,PF00010.30,53,Lachancea_kluyveri,482,3.8e-10,39.6,0.2,38.2,420,473,420,474,0.88,Helix-loop-helix DNA-binding domain
HLH,PF00010.30,53,Lachancea_lanzarotensis,547,1.7e-09,37.6,0.1,36.6,483,536,483,537,0.91,Helix-loop-helix DNA-binding domain
HLH,PF00010.30,53,Lachancea_meyersii,541,8.1e-10,38.6,0.1,37.5,480,532,479,533,0.89,Helix-loop-helix DNA-binding domain
HLH,PF00010.30,53,Lachancea_mirantina,471,1.5e-10,41,0.3,40.1,409,463,409,463,0.92,Helix-loop-helix DNA-binding domain
HLH,PF00010.30,53,Lachancea_nothofagi,514,5e-10,39.2,0.2,38.4,451,503,450,504,0.89,Helix-loop-helix DNA-binding domain
HLH,PF00010.30,53,Lachancea_quebecensis,470,1.2e-10,41.2,0.1,-3.7,381,393,376,395,0.82,Helix-loop-helix DNA-binding domain
HLH,PF00010.30,53,Lachancea_quebecensis,470,1.2e-10,41.2,0.1,41.2,408,461,408,462,0.9,Helix-loop-helix DNA-binding domain
HLH,PF00010.30,53,Lachancea_thermotolerans,466,5.7e-11,42.3,0.1,41.1,404,457,404,458,0.9,Helix-loop-helix DNA-binding domain
HLH,PF00010.30,53,Lipomyces_starkeyi,604,4.7e-11,42.5,0.8,41.7,476,541,476,541,0.96,Helix-loop-helix DNA-binding domain
HLH,PF00010.30,53,Lodderomyces_elongisporus,815,2.2e-09,37.2,0,35.9,680,733,680,734,0.89,Helix-loop-helix DNA-binding domain
HLH,PF00010.30,53,Metschnikowia_aberdeeniae,430,2.3e-09,37.1,0.6,36,358,411,358,412,0.87,Helix-loop-helix DNA-binding domain
HLH,PF00010.30,53,Metschnikowia_arizonensis,537,1.2e-09,38,2.9,-2.4,170,184,169,210,0.68,Helix-loop-helix DNA-binding domain
HLH,PF00010.30,53,Metschnikowia_arizonensis,537,1.2e-09,38,2.9,37.7,465,518,465,519,0.88,Helix-loop-helix DNA-binding domain
HLH,PF00010.30,53,Metschnikowia_bicuspidata,575,1.2e-08,34.8,0.1,34.1,509,563,509,563,0.91,Helix-loop-helix DNA-binding domain
HLH,PF00010.30,53,Metschnikowia_borealis,517,2.2e-09,37.2,0.9,35.7,446,499,446,500,0.88,Helix-loop-helix DNA-binding domain
HLH,PF00010.30,53,Metschnikowia_bowlesiae,679,2.3e-08,33.9,0.6,32.8,607,660,607,661,0.87,Helix-loop-helix DNA-binding domain
HLH,PF00010.30,53,Metschnikowia_cerradonensis,523,2.4e-09,37.1,0.9,35.7,452,505,452,506,0.88,Helix-loop-helix DNA-binding domain
HLH,PF00010.30,53,Metschnikowia_continentalis,515,2.4e-09,37,0.9,35.7,444,497,444,498,0.88,Helix-loop-helix DNA-binding domain
HLH,PF00010.30,53,Metschnikowia_dekortum,655,2.2e-08,34,0.6,32.9,583,636,583,637,0.87,Helix-loop-helix DNA-binding domain
HLH,PF00010.30,53,Metschnikowia_drakensbergensis,453,1.7e-08,34.3,0.9,-3.4,82,92,81,94,0.84,Helix-loop-helix DNA-binding domain
HLH,PF00010.30,53,Metschnikowia_drakensbergensis,453,1.7e-08,34.3,0.9,34.3,381,434,381,435,0.88,Helix-loop-helix DNA-binding domain
HLH,PF00010.30,53,Metschnikowia_hamakuensis,413,4.9e-09,36.1,0.7,-3.6,294,310,294,310,0.87,Helix-loop-helix DNA-binding domain
HLH,PF00010.30,53,Metschnikowia_hamakuensis,413,4.9e-09,36.1,0.7,36.1,341,394,341,395,0.87,Helix-loop-helix DNA-binding domain
HLH,PF00010.30,53,Metschnikowia_hawaiiensis,532,2.3e-09,37.1,1,35.9,461,514,461,515,0.88,Helix-loop-helix DNA-binding domain
HLH,PF00010.30,53,Metschnikowia_hibisci,431,1.8e-09,37.4,0.4,36.2,359,412,359,413,0.87,Helix-loop-helix DNA-binding domain
HLH,PF00010.30,53,Metschnikowia_ipomoeae,507,2.5e-09,37,0.9,35.8,436,489,436,490,0.88,Helix-loop-helix DNA-binding domain
HLH,PF00010.30,53,Metschnikowia_kamakouana,523,7.4e-09,35.5,1.2,-3.2,404,420,404,420,0.91,Helix-loop-helix DNA-binding domain
HLH,PF00010.30,53,Metschnikowia_kamakouana,523,7.4e-09,35.5,1.2,34.4,451,504,451,505,0.88,Helix-loop-helix DNA-binding domain
HLH,PF00010.30,53,Metschnikowia_kipukae,501,6.4e-10,38.9,0.7,37.9,424,478,424,478,0.88,Helix-loop-helix DNA-binding domain
HLH,PF00010.30,53,Metschnikowia_lockheadii,515,2.5e-09,37,0.9,35.7,444,497,444,498,0.88,Helix-loop-helix DNA-binding domain
HLH,PF00010.30,53,Metschnikowia_matae,484,2.4e-09,37.1,0.9,35.8,413,466,413,467,0.88,Helix-loop-helix DNA-binding domain
HLH,PF00010.30,53,Metschnikowia_matae_maris,470,2.5e-09,37,0.9,35.9,399,452,399,453,0.88,Helix-loop-helix DNA-binding domain
HLH,PF00010.30,53,Metschnikowia_mauinuiana,493,6.3e-09,35.7,0.7,-0.1,374,390,370,390,0.93,Helix-loop-helix DNA-binding domain
HLH,PF00010.30,53,Metschnikowia_mauinuiana,493,6.3e-09,35.7,0.7,35.7,421,474,421,475,0.87,Helix-loop-helix DNA-binding domain
HLH,PF00010.30,53,Metschnikowia_proteae,450,1.7e-08,34.4,0.9,-3,79,89,77,91,0.83,Helix-loop-helix DNA-binding domain
HLH,PF00010.30,53,Metschnikowia_proteae,450,1.7e-08,34.4,0.9,34.4,378,431,378,432,0.88,Helix-loop-helix DNA-binding domain
HLH,PF00010.30,53,Metschnikowia_santaceciliae,509,2.3e-09,37.1,0.9,35.7,438,491,438,492,0.88,Helix-loop-helix DNA-binding domain
HLH,PF00010.30,53,Metschnikowia_shivogae,430,2.2e-09,37.2,0.6,36,358,411,358,412,0.87,Helix-loop-helix DNA-binding domain
HLH,PF00010.30,53,Metschnikowia_similis,623,2e-08,34.1,0.6,33,551,604,551,605,0.87,Helix-loop-helix DNA-binding domain
HLH,PF00010.30,53,Meyerozyma_guilliermondii,432,9.6e-11,41.5,0.1,40.7,369,422,369,423,0.93,Helix-loop-helix DNA-binding domain
HLH,PF00010.30,53,Millerozyma_acaciae,478,3.2e-09,36.6,0.2,35.7,416,469,416,470,0.91,Helix-loop-helix DNA-binding domain
HLH,PF00010.30,53,Nakaseomyces_bracarensis,488,2e-09,37.3,0.9,36.3,425,479,425,479,0.94,Helix-loop-helix DNA-binding domain
HLH,PF00010.30,53,Nakaseomyces_castellii,522,6.1e-07,29.4,0.5,-3.1,212,222,207,222,0.84,Helix-loop-helix DNA-binding domain
HLH,PF00010.30,53,Nakaseomyces_castellii,522,6.1e-07,29.4,0.5,28,456,509,456,510,0.92,Helix-loop-helix DNA-binding domain
HLH,PF00010.30,53,Nakaseomyces_delphensis,464,4.1e-09,36.3,0.9,35.3,402,456,402,456,0.93,Helix-loop-helix DNA-binding domain
HLH,PF00010.30,53,Nakaseomyces_nivariensis,475,2.5e-08,33.8,1,32.7,413,467,413,467,0.93,Helix-loop-helix DNA-binding domain
HLH,PF00010.30,53,Nakazawaea_peltata,612,7.7e-11,41.8,0.1,40.9,543,597,543,597,0.97,Helix-loop-helix DNA-binding domain
HLH,PF00010.30,53,Naumovozyma_castellii,391,2.3e-11,43.5,0.6,42.3,333,386,332,386,0.92,Helix-loop-helix DNA-binding domain
HLH,PF00010.30,53,Naumovozyma_dairenensis,604,1.4e-08,34.6,1.4,-2.9,224,232,214,232,0.67,Helix-loop-helix DNA-binding domain
HLH,PF00010.30,53,Naumovozyma_dairenensis,604,1.4e-08,34.6,1.4,34.6,544,597,544,598,0.94,Helix-loop-helix DNA-binding domain
HLH,PF00010.30,53,Neurospora_crassa,801,1.4e-11,44.2,0,42.3,646,736,646,736,0.92,Helix-loop-helix DNA-binding domain
HLH,PF00010.30,53,Ogataea_methanolica,871,1.2e-08,34.8,0.4,32.9,733,787,733,787,0.9,Helix-loop-helix DNA-binding domain
HLH,PF00010.30,53,Ogataea_methanolica,871,1.2e-08,34.8,0.4,-2.9,800,821,798,823,0.79,Helix-loop-helix DNA-binding domain
IFRD,PF05004.17,306,Ogataea_parapolymorpha,1049,7.1e-32,110.8,0.9,109.9,646,931,626,931,0.85,Interferon-related developmental regulator
HLH,PF00010.30,53,Ogataea_parapolymorpha,1049,1.9e-08,34.2,0.3,34.2,487,541,487,541,0.96,Helix-loop-helix DNA-binding domain
HLH,PF00010.30,53,Ogataea_parapolymorpha,1049,1.9e-08,34.2,0.3,-4,731,738,731,739,0.91,Helix-loop-helix DNA-binding domain
HLH,PF00010.30,53,Ogataea_parapolymorpha,1049,1.9e-08,34.2,0.3,-2,894,913,892,915,0.78,Helix-loop-helix DNA-binding domain
IFRD,PF05004.17,306,Ogataea_polymorpha,1041,8.2e-30,104,0.1,103.2,642,923,618,923,0.84,Interferon-related developmental regulator
HLH,PF00010.30,53,Ogataea_polymorpha,1041,1.8e-08,34.2,0.3,34.2,472,526,472,526,0.95,Helix-loop-helix DNA-binding domain
HLH,PF00010.30,53,Ogataea_polymorpha,1041,1.8e-08,34.2,0.3,-4,723,730,723,731,0.91,Helix-loop-helix DNA-binding domain
HLH,PF00010.30,53,Ogataea_polymorpha,1041,1.8e-08,34.2,0.3,-3.4,887,905,885,906,0.69,Helix-loop-helix DNA-binding domain
HLH,PF00010.30,53,Ogataea_polymorpha,1041,1.8e-08,34.2,0.3,-1.9,1026,1035,1023,1038,0.84,Helix-loop-helix DNA-binding domain
HLH,PF00010.30,53,Pachysolen_tannophilus,730,6.5e-10,38.9,0.5,-2.8,383,394,381,396,0.84,Helix-loop-helix DNA-binding domain
HLH,PF00010.30,53,Pachysolen_tannophilus,730,6.5e-10,38.9,0.5,38.9,653,707,653,707,0.91,Helix-loop-helix DNA-binding domain
Mim2,PF19117.4,45,Pichia_membranifaciens,1779,1.7e-11,43.8,0.4,-1.4,11,21,4,22,0.81,Mitochondrial import 2
Mim2,PF19117.4,45,Pichia_membranifaciens,1779,1.7e-11,43.8,0.4,41.8,1729,1763,1728,1766,0.94,Mitochondrial import 2
HLH,PF00010.30,53,Pichia_membranifaciens,1779,1.3e-07,31.5,0.3,31.5,619,672,619,673,0.91,Helix-loop-helix DNA-binding domain
HLH,PF00010.30,53,Pichia_membranifaciens,1779,1.3e-07,31.5,0.3,0.5,1256,1272,1255,1273,0.91,Helix-loop-helix DNA-binding domain
HLH,PF00010.30,53,Pichia_membranifaciens,1779,1.3e-07,31.5,0.3,-1.9,1430,1443,1429,1450,0.86,Helix-loop-helix DNA-binding domain
HLH,PF00010.30,53,Pichia_membranifaciens,1779,1.3e-07,31.5,0.3,-3.7,1445,1455,1444,1455,0.86,Helix-loop-helix DNA-binding domain
HLH,PF00010.30,53,Pichia_membranifaciens,1779,1.3e-07,31.5,0.3,-2.8,1516,1528,1514,1533,0.86,Helix-loop-helix DNA-binding domain
HLH,PF00010.30,53,Pichia_membranifaciens,1779,1.3e-07,31.5,0.3,-3.4,1576,1588,1576,1591,0.86,Helix-loop-helix DNA-binding domain
HLH,PF00010.30,53,Priceomyces_haplophilus,490,4e-09,36.3,0,34.6,426,480,426,480,0.91,Helix-loop-helix DNA-binding domain
Ribosomal_L29e,PF01779.21,40,Saccharomyces_arboricola,420,6.4e-23,80.8,9.6,-3.1,187,194,187,196,0.85,Ribosomal L29e protein
Ribosomal_L29e,PF01779.21,40,Saccharomyces_arboricola,420,6.4e-23,80.8,9.6,80.8,364,403,364,403,1,Ribosomal L29e protein
UCR_hinge,PF02320.20,65,Saccharomyces_arboricola,420,5.4e-08,33,3.9,31.9,313,360,313,368,0.97,Ubiquinol-cytochrome C reductase
Sigma70_ner,PF04546.17,207,Saccharomyces_arboricola,420,0.00016,21.9,16,5.2,7,67,4,83,0.46,"Sigma-70, non-essential region"
Sigma70_ner,PF04546.17,207,Saccharomyces_arboricola,420,0.00016,21.9,16,21.9,240,345,236,384,0.64,"Sigma-70, non-essential region"
HLH,PF00010.30,53,Saccharomyces_cerevisiae,312,2e-11,43.7,0.4,42,251,307,251,307,0.98,Helix-loop-helix DNA-binding domain
HLH,PF00010.30,53,Saccharomyces_kudriavzevii,316,1.5e-10,40.9,1.3,-2.5,196,211,195,211,0.8,Helix-loop-helix DNA-binding domain
HLH,PF00010.30,53,Saccharomyces_kudriavzevii,316,1.5e-10,40.9,1.3,40.1,255,311,255,311,0.98,Helix-loop-helix DNA-binding domain
UCR_hinge,PF02320.20,65,Saccharomyces_mikatae,504,3.4e-22,78.5,2.7,77.7,388,459,388,459,0.99,Ubiquinol-cytochrome C reductase
Ribosomal_L29e,PF01779.21,40,Saccharomyces_mikatae,504,2.6e-15,56.5,3,55,458,487,456,487,0.96,Ribosomal L29e protein
HLH,PF00010.30,53,Saccharomyces_mikatae,504,4.6e-09,36.2,0.1,34.1,260,313,260,314,0.97,Helix-loop-helix DNA-binding domain
Sigma70_ner,PF04546.17,207,Saccharomyces_mikatae,504,9.9e-05,22.6,12.8,0.5,47,84,21,108,0.6,"Sigma-70, non-essential region"
Sigma70_ner,PF04546.17,207,Saccharomyces_mikatae,504,9.9e-05,22.6,12.8,22.6,342,414,312,468,0.63,"Sigma-70, non-essential region"
HLH,PF00010.30,53,Saccharomyces_paradoxus,314,1e-11,44.7,0.4,42.8,253,309,253,309,0.98,Helix-loop-helix DNA-binding domain
UCR_hinge,PF02320.20,65,Saccharomyces_uvarum,396,9.1e-22,77.2,5.8,76.2,284,355,284,355,0.99,Ubiquinol-cytochrome C reductase
Ribosomal_L29e,PF01779.21,40,Saccharomyces_uvarum,396,2.6e-11,43.7,1.4,42,355,379,354,379,0.98,Ribosomal L29e protein
Sigma70_ner,PF04546.17,207,Saccharomyces_uvarum,396,0.00096,19.3,15.9,-0.4,10,55,6,73,0.43,"Sigma-70, non-essential region"
Sigma70_ner,PF04546.17,207,Saccharomyces_uvarum,396,0.00096,19.3,15.9,19.3,237,310,210,359,0.62,"Sigma-70, non-essential region"
HLH,PF00010.30,53,Saccharomycopsis_malanga,628,5.6e-09,35.9,0,34.6,527,580,527,581,0.92,Helix-loop-helix DNA-binding domain
HLH,PF00010.30,53,Scheffersomyces_lignosus,629,2.1e-09,37.3,0.1,36.3,564,617,564,618,0.9,Helix-loop-helix DNA-binding domain
HLH,PF00010.30,53,Scheffersomyces_stipitis,597,2e-09,37.3,0,36.3,533,586,533,587,0.9,Helix-loop-helix DNA-binding domain
HLH,PF00010.30,53,Sclerotinia_sclerotiorum,634,1.6e-10,40.8,0,-2.9,257,282,257,284,0.79,Helix-loop-helix DNA-binding domain
HLH,PF00010.30,53,Sclerotinia_sclerotiorum,634,1.6e-10,40.8,0,38.7,530,611,530,611,0.97,Helix-loop-helix DNA-binding domain
HLH,PF00010.30,53,Spathaspora_arborariae,516,1.7e-08,34.4,0,33.5,453,506,453,507,0.89,Helix-loop-helix DNA-binding domain
HLH,PF00010.30,53,Spathaspora_girioi,526,8.6e-09,35.3,0,34.4,462,515,462,516,0.91,Helix-loop-helix DNA-binding domain
HLH,PF00010.30,53,Spathaspora_gorwiae,551,1.5e-08,34.5,0,33.6,485,538,485,539,0.91,Helix-loop-helix DNA-binding domain
HLH,PF00010.30,53,Spathaspora_hagerdaliae,550,1.3e-07,31.5,0,30.7,484,537,484,538,0.89,Helix-loop-helix DNA-binding domain
HLH,PF00010.30,53,Sporopachydermia_quercuum,737,1.4e-11,44.2,0.1,42.8,633,689,633,689,0.96,Helix-loop-helix DNA-binding domain
HLH,PF00010.30,53,Stagonospora_nodorum,553,5.9e-10,39,0.3,38,429,494,429,494,0.97,Helix-loop-helix DNA-binding domain
EloA-BP1,PF15870.9,165,Stagonospora_nodorum,553,0.0002,21.8,1.9,20.7,429,508,426,538,0.9,ElonginA binding-protein 1
HLH,PF00010.30,53,Starmerella_bombicola_JCM9596,396,2.8e-10,40.1,1.5,39.3,313,365,313,365,0.96,Helix-loop-helix DNA-binding domain
HLH,PF00010.30,53,Sugiyamaella_lignohabitans,675,6e-10,39,0,38.1,602,652,602,652,0.96,Helix-loop-helix DNA-binding domain
HLH,PF00010.30,53,Tetrapisispora_blattae,714,4.7e-10,39.3,0.1,37.9,534,587,534,588,0.91,Helix-loop-helix DNA-binding domain
HLH,PF00010.30,53,Tetrapisispora_phaffii,545,1.3e-10,41.1,2.4,40.3,485,539,485,539,0.95,Helix-loop-helix DNA-binding domain
HLH,PF00010.30,53,Tortispora_caseinolytica,495,4.6e-12,45.8,0.2,44.9,423,475,423,475,0.98,Helix-loop-helix DNA-binding domain
HLH,PF00010.30,53,Torulaspora_delbrueckii,485,3e-09,36.8,0.1,35.5,424,477,424,478,0.92,Helix-loop-helix DNA-binding domain
HLH,PF00010.30,53,Vanderwaltozyma_polyspora,587,2.7e-10,40.1,1,38.8,527,580,527,581,0.91,Helix-loop-helix DNA-binding domain
HLH,PF00010.30,53,Wickerhamia_fluorescens,660,2.4e-10,40.3,0,39.2,597,651,597,651,0.91,Helix-loop-helix DNA-binding domain
HLH,PF00010.30,53,Wickerhamiella_domercqiae,370,2.3e-11,43.5,0.5,42.8,303,353,303,353,0.97,Helix-loop-helix DNA-binding domain
Gon7,PF08738.14,107,Wickerhamiella_domercqiae,370,0.00028,21.2,0.2,19.9,306,366,290,367,0.82,Gon7 family NA
HLH,PF00010.30,53,Wickerhamomyces_anomalus,522,2e-10,40.5,0.1,39.4,446,500,446,500,0.94,Helix-loop-helix DNA-binding domain
HLH,PF00010.30,53,Wickerhamomyces_ciferrii,548,2.5e-11,43.4,0.4,42.5,472,526,472,526,0.9,Helix-loop-helix DNA-binding domain
HLH,PF00010.30,53,Yarrowia_deformans,732,1.1e-11,44.6,0.5,-3.6,30,41,30,47,0.83,Helix-loop-helix DNA-binding domain
HLH,PF00010.30,53,Yarrowia_deformans,732,1.1e-11,44.6,0.5,43.3,636,686,636,686,0.96,Helix-loop-helix DNA-binding domain
HLH,PF00010.30,53,Yarrowia_keelungensis,716,1.4e-11,44.2,0.4,43.4,620,670,620,670,0.96,Helix-loop-helix DNA-binding domain
HLH,PF00010.30,53,Yarrowia_lipolytica,716,1.4e-11,44.2,0.4,43.4,620,670,620,670,0.96,Helix-loop-helix DNA-binding domain
HLH,PF00010.30,53,Zygosaccharomyces_bailii,435,4.8e-10,39.3,0.6,38.2,375,429,375,429,0.91,Helix-loop-helix DNA-binding domain
HLH,PF00010.30,53,Zygosaccharomyces_rouxii,483,3e-09,36.8,0.1,35.7,422,475,422,476,0.9,Helix-loop-helix DNA-binding domain
HLH,PF00010.30,53,yHAB132_Kazachstania_martiniae,494,2.8e-08,33.6,0.5,32.4,424,477,424,478,0.95,Helix-loop-helix DNA-binding domain
HLH,PF00010.30,53,yHAB133_Kazachstania_unispora,535,5.2e-09,36,0.6,34.8,473,527,473,527,0.9,Helix-loop-helix DNA-binding domain
HLH,PF00010.30,53,yHAB134_Kazachstania_turicensis,582,1.5e-07,31.3,0.5,29.8,513,567,513,567,0.92,Helix-loop-helix DNA-binding domain
HLH,PF00010.30,53,yHAB136_Kazachstania_bromeliacearum,444,8.2e-08,32.1,0.5,31.1,383,436,383,437,0.92,Helix-loop-helix DNA-binding domain
HLH,PF00010.30,53,yHAB143_Kazachstania_siamensis,527,4.4e-08,33,1.5,32,465,519,465,519,0.92,Helix-loop-helix DNA-binding domain
HLH,PF00010.30,53,yHAB147_Kazachstania_taianensis,490,2.4e-07,30.7,1.3,29.1,429,483,429,483,0.91,Helix-loop-helix DNA-binding domain
HLH,PF00010.30,53,yHAB148_Kazachstania_intestinalis,457,2e-09,37.3,0.9,36.2,385,438,385,439,0.92,Helix-loop-helix DNA-binding domain
HLH,PF00010.30,53,yHAB153_Kazachstania_rosinii,605,2.7e-08,33.7,0.8,32.5,533,586,533,587,0.92,Helix-loop-helix DNA-binding domain
Ribosomal_L29e,PF01779.21,40,yHAB154_Kazachstania_transvaalensis,304,1.2e-21,76.8,11.3,-4.2,32,39,28,42,0.54,Ribosomal L29e protein
Ribosomal_L29e,PF01779.21,40,yHAB154_Kazachstania_transvaalensis,304,1.2e-21,76.8,11.3,-0.3,63,69,57,85,0.73,Ribosomal L29e protein
Ribosomal_L29e,PF01779.21,40,yHAB154_Kazachstania_transvaalensis,304,1.2e-21,76.8,11.3,76.8,245,284,245,284,0.99,Ribosomal L29e protein
UCR_hinge,PF02320.20,65,yHAB154_Kazachstania_transvaalensis,304,8.2e-21,74.1,2.8,73,170,240,170,241,0.98,Ubiquinol-cytochrome C reductase
HLH,PF00010.30,53,yHAB154_Kazachstania_transvaalensis,304,3e-10,39.9,2.1,-3.8,6,18,6,19,0.75,Helix-loop-helix DNA-binding domain
HLH,PF00010.30,53,yHAB154_Kazachstania_transvaalensis,304,3e-10,39.9,2.1,39.9,67,120,67,121,0.94,Helix-loop-helix DNA-binding domain
HLH,PF00010.30,53,yHAB155_Kazachstania_spencerorum,538,7.2e-07,29.1,2.7,-2.6,254,264,249,266,0.81,Helix-loop-helix DNA-binding domain
HLH,PF00010.30,53,yHAB155_Kazachstania_spencerorum,538,7.2e-07,29.1,2.7,28.9,475,528,475,529,0.92,Helix-loop-helix DNA-binding domain
HLH,PF00010.30,53,yHAB158_Kazachstania_viticola,375,3.3e-08,33.4,0.2,32.2,301,355,301,355,0.93,Helix-loop-helix DNA-binding domain
HLH,PF00010.30,53,yHAB159_Kazachstania_solicola,558,1.8e-08,34.2,0.8,33.1,497,551,497,551,0.93,Helix-loop-helix DNA-binding domain
HLH,PF00010.30,53,yHAB160_Kazachstania_kunashirensis,528,5.4e-08,32.7,1.1,31.7,454,507,454,508,0.93,Helix-loop-helix DNA-binding domain
HLH,PF00010.30,53,yHAB164_Kazachstania_aerobia,556,6.8e-08,32.4,1.1,31.3,495,549,495,549,0.9,Helix-loop-helix DNA-binding domain
HLH,PF00010.30,53,yHMPu5000026124_Ogataea_henricii,628,4.9e-08,32.9,0.1,31.8,531,585,531,585,0.9,Helix-loop-helix DNA-binding domain
HLH,PF00010.30,53,yHMPu5000026137_Ambrosiozyma_ambrosiae,692,2.7e-07,30.5,0.2,29.1,581,635,581,635,0.92,Helix-loop-helix DNA-binding domain
HLH,PF00010.30,53,yHMPu5000026145_Ambrosiozyma_vanderkliftii,842,8.1e-08,32.2,0.3,30.7,731,785,731,785,0.9,Helix-loop-helix DNA-binding domain
HLH,PF00010.30,53,yHMPu5000026152_Torulaspora_franciscae,484,8.3e-10,38.5,0.3,37.7,423,476,423,477,0.87,Helix-loop-helix DNA-binding domain
HLH,PF00010.30,53,yHMPu5000026197_Brettanomyces_custersianus,617,1.7e-08,34.4,0.1,32.8,517,571,517,571,0.92,Helix-loop-helix DNA-binding domain
HLH,PF00010.30,53,yHMPu5000026256_Zygotorulaspora_mrakii,618,2.9e-08,33.6,0.2,-3.2,297,307,296,307,0.81,Helix-loop-helix DNA-binding domain
HLH,PF00010.30,53,yHMPu5000026256_Zygotorulaspora_mrakii,618,2.9e-08,33.6,0.2,-3.8,522,528,521,529,0.79,Helix-loop-helix DNA-binding domain
HLH,PF00010.30,53,yHMPu5000026256_Zygotorulaspora_mrakii,618,2.9e-08,33.6,0.2,33.6,555,608,555,609,0.94,Helix-loop-helix DNA-binding domain
HLH,PF00010.30,53,yHMPu5000034597_Candida_stellimalicola,384,6.9e-10,38.8,0.1,37.7,304,358,304,358,0.94,Helix-loop-helix DNA-binding domain
HLH,PF00010.30,53,yHMPu5000034605_Spencermartinsiella_europaea,589,9.8e-10,38.3,0.1,37.3,517,567,517,567,0.97,Helix-loop-helix DNA-binding domain
HLH,PF00010.30,53,yHMPu5000034606_Priceomyces_medius,482,1e-09,38.3,0,37.1,418,471,418,472,0.91,Helix-loop-helix DNA-binding domain
HLH,PF00010.30,53,yHMPu5000034607_Saccharomycopsis_capsularis,764,2.8e-09,36.8,0.1,35.3,676,729,676,730,0.95,Helix-loop-helix DNA-binding domain
HLH,PF00010.30,53,yHMPu5000034607_Saccharomycopsis_capsularis,764,2.8e-09,36.8,0.1,-3.6,733,745,731,751,0.79,Helix-loop-helix DNA-binding domain
HLH,PF00010.30,53,yHMPu5000034610_Saturnispora_hagleri,304,1.6e-09,37.6,0.2,36.5,237,291,237,291,0.92,Helix-loop-helix DNA-binding domain
HLH,PF00010.30,53,yHMPu5000034611_Saturnispora_mendoncae,262,2.3e-09,37.1,0.1,35.9,196,250,196,250,0.9,Helix-loop-helix DNA-binding domain
Menin,PF05053.17,678,yHMPu5000034611_Saturnispora_mendoncae,262,0.00041,19,3.8,18.9,101,182,85,250,0.78,Menin NA NA
HLH,PF00010.30,53,yHMPu5000034612_Saturnispora_saitoi,332,6.8e-10,38.8,0.1,37.6,269,323,269,323,0.91,Helix-loop-helix DNA-binding domain
HLH,PF00010.30,53,yHMPu5000034613_Saturnispora_serradocipensis,305,1.6e-09,37.6,0.2,36.5,238,292,238,292,0.92,Helix-loop-helix DNA-binding domain
HLH,PF00010.30,53,yHMPu5000034614_Saturnispora_silvae,290,6.3e-10,38.9,0.1,37.6,224,278,224,278,0.93,Helix-loop-helix DNA-binding domain
HLH,PF00010.30,53,yHMPu5000034615_Saturnispora_zaruensis,304,4.1e-09,36.3,0.2,35.1,237,291,237,291,0.9,Helix-loop-helix DNA-binding domain
HLH,PF00010.30,53,yHMPu5000034622_Pichia_occidentalis,752,1.6e-08,34.4,0.3,33.1,645,698,645,699,0.91,Helix-loop-helix DNA-binding domain
HLH,PF00010.30,53,yHMPu5000034623_Pichia_norvegensis,382,5.1e-09,36,0,35,323,376,323,377,0.96,Helix-loop-helix DNA-binding domain
HLH,PF00010.30,53,yHMPu5000034624_Pichia_nakasei,588,4.9e-10,39.3,0.1,-4.5,148,153,145,156,0.67,Helix-loop-helix DNA-binding domain
HLH,PF00010.30,53,yHMPu5000034624_Pichia_nakasei,588,4.9e-10,39.3,0.1,39.3,437,490,437,491,0.89,Helix-loop-helix DNA-binding domain
HLH,PF00010.30,53,yHMPu5000034627_Pichia_heedii,641,2.7e-08,33.7,0.2,-5.3,234,242,233,246,0.7,Helix-loop-helix DNA-binding domain
HLH,PF00010.30,53,yHMPu5000034627_Pichia_heedii,641,2.7e-08,33.7,0.2,33.7,494,547,494,548,0.92,Helix-loop-helix DNA-binding domain
HLH,PF00010.30,53,yHMPu5000034631_Martiniozyma_abiesophila,642,8.6e-08,32.1,2.5,29.2,152,203,152,206,0.9,Helix-loop-helix DNA-binding domain
HLH,PF00010.30,53,yHMPu5000034631_Martiniozyma_abiesophila,642,8.6e-08,32.1,2.5,-2.1,217,235,213,237,0.78,Helix-loop-helix DNA-binding domain
HLH,PF00010.30,53,yHMPu5000034631_Martiniozyma_abiesophila,642,8.6e-08,32.1,2.5,1.1,438,462,434,469,0.78,Helix-loop-helix DNA-binding domain
Peptidase_M41,PF01434.22,191,yHMPu5000034632_Candida_athensensis,1094,2.5e-59,200.5,0,199.6,465,644,465,644,0.97,Peptidase family M41
AAA,PF00004.33,131,yHMPu5000034632_Candida_athensensis,1094,7.3e-43,146.4,0,144.8,255,384,255,385,0.97,ATPase family associated
AAA,PF00004.33,131,yHMPu5000034632_Candida_athensensis,1094,7.3e-43,146.4,0,-4.2,601,619,589,622,0.73,ATPase family associated
Yme1-like_N,PF21232.1,61,yHMPu5000034632_Candida_athensensis,1094,3.2e-29,100.5,0.7,99.5,64,124,64,124,0.98,"Yme1-like, N-terminal NA"
HLH,PF00010.30,53,yHMPu5000034632_Candida_athensensis,1094,9.3e-10,38.4,0.1,37.3,1031,1084,1031,1085,0.94,Helix-loop-helix DNA-binding domain
AAA_lid_3,PF17862.5,45,yHMPu5000034632_Candida_athensensis,1094,6.1e-07,29.1,0,28,408,450,407,451,0.91,AAA+ lid domain
AAA_16,PF13191.10,167,yHMPu5000034632_Candida_athensensis,1094,5e-05,24,0.3,21.4,250,338,228,358,0.6,AAA ATPase domain
TIP49,PF06068.17,347,yHMPu5000034632_Candida_athensensis,1094,9.6e-05,21.9,0,21,223,288,204,304,0.76,TIP49 P-loop domain
AAA_22,PF13401.10,130,yHMPu5000034632_Candida_athensensis,1094,0.00068,20.1,0.1,14.1,255,289,251,367,0.58,AAA domain NA
RuvB_N,PF05496.16,159,yHMPu5000034632_Candida_athensensis,1094,0.00099,19.1,0,14.3,254,289,222,326,0.82,Holliday junction DNA
RuvB_N,PF05496.16,159,yHMPu5000034632_Candida_athensensis,1094,0.00099,19.1,0,2.2,400,447,373,487,0.7,Holliday junction DNA
HLH,PF00010.30,53,yHMPu5000034636_Ogataea_nitratoaversa,793,9.5e-09,35.1,0,33.8,686,740,686,740,0.9,Helix-loop-helix DNA-binding domain
HLH,PF00010.30,53,yHMPu5000034637_Ogataea_populiabae,646,1e-05,25.5,0.1,24.5,547,601,547,601,0.91,Helix-loop-helix DNA-binding domain
HLH,PF00010.30,53,yHMPu5000034643_Candida_schatavii,649,2.4e-09,37.1,0.1,36.1,589,642,589,643,0.92,Helix-loop-helix DNA-binding domain
HLH,PF00010.30,53,yHMPu5000034646_Wickerhamiella_cacticola,335,8.1e-10,38.6,0.4,-0.6,199,208,193,209,0.83,Helix-loop-helix DNA-binding domain
HLH,PF00010.30,53,yHMPu5000034646_Wickerhamiella_cacticola,335,8.1e-10,38.6,0.4,36.4,267,315,267,317,0.94,Helix-loop-helix DNA-binding domain
HLH,PF00010.30,53,yHMPu5000034648_Candida_restingae,545,3.4e-09,36.6,0,35.6,483,536,483,537,0.94,Helix-loop-helix DNA-binding domain
HLH,PF00010.30,53,yHMPu5000034654_Aciculoconidium_aculeatum,599,1.5e-09,37.7,0.1,36.5,534,588,534,588,0.92,Helix-loop-helix DNA-binding domain
HLH,PF00010.30,53,yHMPu5000034655_Botryozyma_nematodophila,468,2.4e-10,40.3,0,39.1,309,363,309,363,0.93,Helix-loop-helix DNA-binding domain
HLH,PF00010.30,53,yHMPu5000034660_Diddensiella_caesifluorescens,569,1.7e-08,34.3,0.2,32.8,497,547,497,547,0.97,Helix-loop-helix DNA-binding domain
HLH,PF00010.30,53,yHMPu5000034661_Dipodascus_albidus,519,1.4e-08,34.6,0,33.5,449,498,449,499,0.94,Helix-loop-helix DNA-binding domain
HLH,PF00010.30,53,yHMPu5000034665_Kodamaea_laetipori,548,1.6e-09,37.6,0,36.6,486,539,486,540,0.9,Helix-loop-helix DNA-binding domain
HLH,PF00010.30,53,yHMPu5000034667_Blastobotrys_serpentis,392,8.5e-12,44.9,0.1,43.8,323,376,323,376,0.97,Helix-loop-helix DNA-binding domain
HLH,PF00010.30,53,yHMPu5000034669_Blastobotrys_raffinofermentans,529,6.1e-11,42.2,0.6,41.2,458,508,458,508,0.98,Helix-loop-helix DNA-binding domain
HLH,PF00010.30,53,yHMPu5000034670_Blastobotrys_proliferans,533,2.6e-10,40.2,0,-3.5,193,201,190,203,0.69,Helix-loop-helix DNA-binding domain
HLH,PF00010.30,53,yHMPu5000034670_Blastobotrys_proliferans,533,2.6e-10,40.2,0,38.3,432,512,432,512,0.94,Helix-loop-helix DNA-binding domain
HLH,PF00010.30,53,yHMPu5000034671_Blastobotrys_peoriensis,586,6.1e-11,42.2,1.3,-2.5,57,67,57,69,0.9,Helix-loop-helix DNA-binding domain
HLH,PF00010.30,53,yHMPu5000034671_Blastobotrys_peoriensis,586,6.1e-11,42.2,1.3,41.4,517,567,517,567,0.98,Helix-loop-helix DNA-binding domain
HLH,PF00010.30,53,yHMPu5000034673_Blastobotrys_nivea,113,1.1e-11,44.6,1.1,44.5,21,73,21,73,0.98,Helix-loop-helix DNA-binding domain
HLH,PF00010.30,53,yHMPu5000034673_Blastobotrys_nivea,113,1.1e-11,44.6,1.1,-2.7,84,91,76,95,0.6,Helix-loop-helix DNA-binding domain
HLH,PF00010.30,53,yHMPu5000034674_Blastobotrys_muscicola,357,1.6e-09,37.6,1.6,-3.3,19,29,16,30,0.81,Helix-loop-helix DNA-binding domain
HLH,PF00010.30,53,yHMPu5000034674_Blastobotrys_muscicola,357,1.6e-09,37.6,1.6,36.9,288,341,288,341,0.89,Helix-loop-helix DNA-binding domain
HLH,PF00010.30,53,yHMPu5000034674_Blastobotrys_muscicola,357,1.6e-09,37.6,1.6,-2.4,344,355,344,355,0.83,Helix-loop-helix DNA-binding domain
HLH,PF00010.30,53,yHMPu5000034675_Blastobotrys_mokoenaii,407,6.4e-12,45.3,0.1,44.2,336,389,336,389,0.95,Helix-loop-helix DNA-binding domain
HLH,PF00010.30,53,yHMPu5000034681_Blastobotrys_americana,543,2.4e-09,37,0.3,36,476,526,476,526,0.98,Helix-loop-helix DNA-binding domain
HLH,PF00010.30,53,yHMPu5000034709_Kluyveromyces_aestuarii,638,1.1e-07,31.8,0.6,30.7,578,629,578,631,0.93,Helix-loop-helix DNA-binding domain
HLH,PF00010.30,53,yHMPu5000034710_Kluyveromyces_dobzhanskii,681,5.7e-09,35.9,0.4,34.9,621,674,621,675,0.91,Helix-loop-helix DNA-binding domain
HLH,PF00010.30,53,yHMPu5000034742_Lipomyces_suomiensis,635,3.7e-11,42.9,0.6,41.8,477,543,477,543,0.95,Helix-loop-helix DNA-binding domain
HLH,PF00010.30,53,yHMPu5000034748_Lipomyces_oligophaga,727,3.2e-11,43.1,0.8,42.1,532,599,532,599,0.88,Helix-loop-helix DNA-binding domain
HLH,PF00010.30,53,yHMPu5000034749_Lipomyces_mesembrius,629,4.7e-11,42.5,0.8,41.7,501,566,501,566,0.96,Helix-loop-helix DNA-binding domain
HLH,PF00010.30,53,yHMPu5000034754_Lipomyces_arxii,612,4.6e-11,42.5,0.8,41.7,484,549,484,549,0.96,Helix-loop-helix DNA-binding domain
HLH,PF00010.30,53,yHMPu5000034757_Lipomyces_doorenjongii,575,1e-10,41.5,0.3,40.2,443,508,443,508,0.95,Helix-loop-helix DNA-binding domain
HLH,PF00010.30,53,yHMPu5000034758_Lipomyces_japonicus,661,7.9e-11,41.8,0,40.3,532,613,532,613,0.92,Helix-loop-helix DNA-binding domain
HLH,PF00010.30,53,yHMPu5000034760_Lipomyces_kononenkoae,625,2.4e-11,43.4,1,42.6,496,561,496,561,0.96,Helix-loop-helix DNA-binding domain
HLH,PF00010.30,53,yHMPu5000034761_Lipomyces_lipofer,574,1.9e-10,40.6,0.4,39.5,444,509,444,510,0.95,Helix-loop-helix DNA-binding domain
HLH,PF00010.30,53,yHMPu5000034862_Zygotorulaspora_florentina,564,7.9e-11,41.8,0.1,-3.8,291,300,289,300,0.8,Helix-loop-helix DNA-binding domain
HLH,PF00010.30,53,yHMPu5000034862_Zygotorulaspora_florentina,564,7.9e-11,41.8,0.1,41.8,500,553,500,554,0.96,Helix-loop-helix DNA-binding domain
HLH,PF00010.30,53,yHMPu5000034865_Zygosaccharomyces_kombuchaensis,444,3.9e-11,42.8,0.4,41.3,384,438,384,438,0.94,Helix-loop-helix DNA-binding domain
HLH,PF00010.30,53,yHMPu5000034866_Zygosaccharomyces_bisporus,454,3.1e-10,39.9,0.5,38.9,394,448,394,448,0.9,Helix-loop-helix DNA-binding domain
HLH,PF00010.30,53,yHMPu5000034875_Tetrapisispora_fleetii,528,4.2e-11,42.7,1.4,41.8,468,522,468,522,0.93,Helix-loop-helix DNA-binding domain
HLH,PF00010.30,53,yHMPu5000034876_Tetrapisispora_iriomotensis,507,2.8e-12,46.5,0.4,45.2,447,500,447,501,0.95,Helix-loop-helix DNA-binding domain
HLH,PF00010.30,53,yHMPu5000034877_Tetrapisispora_namnaonensis,538,1e-10,41.5,1.8,-1.5,458,470,447,471,0.82,Helix-loop-helix DNA-binding domain
HLH,PF00010.30,53,yHMPu5000034877_Tetrapisispora_namnaonensis,538,1e-10,41.5,1.8,41.5,478,532,478,532,0.92,Helix-loop-helix DNA-binding domain
HLH,PF00010.30,53,yHMPu5000034883_Peterozyma_xylosa,589,3.1e-10,39.9,0.1,38.9,515,569,515,569,0.92,Helix-loop-helix DNA-binding domain
HLH,PF00010.30,53,yHMPu5000034884_Peterozyma_toletana,572,3.5e-10,39.7,0.1,38.8,499,553,499,553,0.92,Helix-loop-helix DNA-binding domain
IFRD,PF05004.17,306,yHMPu5000034885_Ogataea_zsoltii,1143,1.3e-31,109.9,0.5,108.9,719,1022,709,1022,0.83,Interferon-related developmental regulator
HLH,PF00010.30,53,yHMPu5000034885_Ogataea_zsoltii,1143,1.2e-07,31.7,0.2,31.7,550,604,550,604,0.92,Helix-loop-helix DNA-binding domain
HLH,PF00010.30,53,yHMPu5000034885_Ogataea_zsoltii,1143,1.2e-07,31.7,0.2,-3.9,619,627,617,630,0.81,Helix-loop-helix DNA-binding domain
HLH,PF00010.30,53,yHMPu5000034886_Ogataea_trehalophila,911,6.9e-08,32.4,0.4,-1.6,243,260,242,283,0.67,Helix-loop-helix DNA-binding domain
HLH,PF00010.30,53,yHMPu5000034886_Ogataea_trehalophila,911,6.9e-08,32.4,0.4,32.4,766,820,766,820,0.91,Helix-loop-helix DNA-binding domain
HLH,PF00010.30,53,yHMPu5000034887_Ogataea_trehaloabstinens,602,3.5e-08,33.3,0.3,32.3,504,558,504,558,0.92,Helix-loop-helix DNA-binding domain
HLH,PF00010.30,53,yHMPu5000034890_Ogataea_ramenticola,746,7.9e-09,35.4,0.4,34.3,650,704,650,704,0.9,Helix-loop-helix DNA-binding domain
HLH,PF00010.30,53,yHMPu5000034891_Ogataea_pini,646,3.5e-09,36.5,0.2,36.5,549,603,549,603,0.93,Helix-loop-helix DNA-binding domain
HLH,PF00010.30,53,yHMPu5000034891_Ogataea_pini,646,3.5e-09,36.5,0.2,-3.4,610,624,610,635,0.81,Helix-loop-helix DNA-binding domain
HLH,PF00010.30,53,yHMPu5000034892_Ogataea_pilisensis,885,2.2e-09,37.2,0.1,35.8,772,826,772,826,0.89,Helix-loop-helix DNA-binding domain
HLH,PF00010.30,53,yHMPu5000034893_Ogataea_philodendra,580,7e-09,35.6,0.4,34.5,488,542,488,542,0.94,Helix-loop-helix DNA-binding domain
HLH,PF00010.30,53,yHMPu5000034897_Ogataea_glucozyma,693,5.8e-08,32.6,0.1,31.5,599,652,599,653,0.88,Helix-loop-helix DNA-binding domain
HLH,PF00010.30,53,yHMPu5000034899_Ogataea_kodamae,552,1.6e-09,37.6,0.2,36.1,466,519,466,520,0.93,Helix-loop-helix DNA-binding domain
HLH,PF00010.30,53,yHMPu5000034901_Ogataea_methylivora,635,3.8e-10,39.6,0.2,38.6,531,585,531,585,0.95,Helix-loop-helix DNA-binding domain
IFRD,PF05004.17,306,yHMPu5000034902_Ogataea_minuta,1137,2.4e-26,92.6,0,91.7,730,1018,706,1018,0.79,Interferon-related developmental regulator
HLH,PF00010.30,53,yHMPu5000034902_Ogataea_minuta,1137,1.1e-08,35,1.6,33.6,549,603,549,603,0.94,Helix-loop-helix DNA-binding domain
HLH,PF00010.30,53,yHMPu5000034902_Ogataea_minuta,1137,1.1e-08,35,1.6,-1.8,980,1000,979,1002,0.68,Helix-loop-helix DNA-binding domain
HLH,PF00010.30,53,yHMPu5000034903_Ogataea_naganishii,491,1.2e-08,34.8,0.2,33.7,406,459,406,460,0.92,Helix-loop-helix DNA-binding domain
HLH,PF00010.30,53,yHMPu5000034904_Ogataea_nonfermentans,636,2.8e-08,33.7,1.7,-1.5,487,498,479,499,0.73,Helix-loop-helix DNA-binding domain
HLH,PF00010.30,53,yHMPu5000034904_Ogataea_nonfermentans,636,2.8e-08,33.7,1.7,32.6,545,598,545,599,0.93,Helix-loop-helix DNA-binding domain
HLH,PF00010.30,53,yHMPu5000034918_Nakazawaea_holstii,586,2.6e-11,43.4,0.3,42.4,495,549,495,549,0.91,Helix-loop-helix DNA-binding domain
HLH,PF00010.30,53,yHMPu5000034932_Kuraishia_ogatae,735,1.4e-09,37.8,0.9,36.7,649,703,649,703,0.9,Helix-loop-helix DNA-binding domain
HLH,PF00010.30,53,yHMPu5000034933_Kuraishia_molischiana,486,2.8e-08,33.6,0.2,32.8,404,457,404,458,0.91,Helix-loop-helix DNA-binding domain
HLH,PF00010.30,53,yHMPu5000034946_Ambrosiozyma_oregonensis,713,1e-07,31.8,0.2,30.7,604,658,604,658,0.92,Helix-loop-helix DNA-binding domain
HLH,PF00010.30,53,yHMPu5000034947_Ambrosiozyma_philentoma,700,9.6e-08,31.9,0.2,30.7,587,641,587,641,0.92,Helix-loop-helix DNA-binding domain
HLH,PF00010.30,53,yHMPu5000034957_Hanseniaspora_osmophila,778,1.1e-11,44.5,0.4,42.9,714,768,714,768,0.94,Helix-loop-helix DNA-binding domain
HLH,PF00010.30,53,yHMPu5000034967_Candida_freyschussii,481,8e-10,38.6,0.3,36.8,392,445,392,446,0.96,Helix-loop-helix DNA-binding domain
HLH,PF00010.30,53,yHMPu5000034973_Danielozyma_ontarioensis,510,6.2e-10,38.9,0.1,37.9,446,500,446,500,0.93,Helix-loop-helix DNA-binding domain
HLH,PF00010.30,53,yHMPu5000034978_Cyberlindnera_mrakii,474,4.6e-10,39.4,0.6,-1.8,357,373,355,375,0.78,Helix-loop-helix DNA-binding domain
HLH,PF00010.30,53,yHMPu5000034978_Cyberlindnera_mrakii,474,4.6e-10,39.4,0.6,37.5,388,441,388,442,0.95,Helix-loop-helix DNA-binding domain
HLH,PF00010.30,53,yHMPu5000034986_Candida_oregonensis,467,4.1e-09,36.3,0,35.3,400,454,400,454,0.95,Helix-loop-helix DNA-binding domain
HLH,PF00010.30,53,yHMPu5000034988_Candida_fructus,455,1.9e-10,40.6,0.1,39.7,347,400,347,401,0.95,Helix-loop-helix DNA-binding domain
Hexapep,PF00132.28,36,yHMPu5000034988_Candida_fructus,455,0.00029,20.6,1,19.9,19,46,19,47,0.78,Bacterial transferase hexapeptide
DnaJ-X,PF14308.10,203,yHMPu5000034990_Candida_corydali,2980,7.6e-66,221.7,15.3,221.7,2672,2885,2672,2885,0.98,X-domain of DnaJ-containing
Sec23_trunk,PF04811.19,241,yHMPu5000034990_Candida_corydali,2980,9.4e-65,218.7,0,218.7,697,960,696,960,0.98,Sec23/Sec24 trunk domain
Sec23_helical,PF04815.19,103,yHMPu5000034990_Candida_corydali,2980,2.3e-25,88.6,0.1,86.5,1083,1181,1083,1182,0.97,Sec23/Sec24 helical domain
Sec23_BS,PF08033.16,86,yHMPu5000034990_Candida_corydali,2980,1.5e-24,86.6,3.1,86.5,971,1069,971,1072,0.91,Sec23/Sec24 beta-sandwich domain
Sec23_BS,PF08033.16,86,yHMPu5000034990_Candida_corydali,2980,1.5e-24,86.6,3.1,-3.3,2016,2051,2008,2054,0.82,Sec23/Sec24 beta-sandwich domain
DnaJ,PF00226.35,63,yHMPu5000034990_Candida_corydali,2980,2.7e-23,82,4.8,-2.5,548,573,548,574,0.87,DnaJ domain NA
DnaJ,PF00226.35,63,yHMPu5000034990_Candida_corydali,2980,2.7e-23,82,4.8,82,2478,2540,2478,2540,0.99,DnaJ domain NA
DnaJ,PF00226.35,63,yHMPu5000034990_Candida_corydali,2980,2.7e-23,82,4.8,-3.2,2582,2597,2581,2598,0.9,DnaJ domain NA
Complex1_LYR,PF05347.19,59,yHMPu5000034990_Candida_corydali,2980,2.1e-17,63,2.9,-0.4,1113,1127,1113,1134,0.79,Complex 1 protein
Complex1_LYR,PF05347.19,59,yHMPu5000034990_Candida_corydali,2980,2.1e-17,63,2.9,63,2896,2953,2896,2954,0.97,Complex 1 protein
TRAPPC10,PF12584.12,150,yHMPu5000034990_Candida_corydali,2980,5.9e-14,52.3,0.1,51,2351,2475,2350,2510,0.79,Trafficking protein particle
zf-Sec23_Sec24,PF04810.19,39,yHMPu5000034990_Candida_corydali,2980,2e-11,43.9,6.1,42.8,629,668,629,668,0.97,Sec23/Sec24 zinc finger
HLH,PF00010.30,53,yHMPu5000034990_Candida_corydali,2980,1.2e-08,34.9,0.1,33.1,519,572,519,573,0.89,Helix-loop-helix DNA-binding domain
Complex1_LYR_2,PF13233.10,80,yHMPu5000034990_Candida_corydali,2980,2.9e-08,34.5,2.4,34.5,2899,2969,2898,2979,0.87,Complex1_LYR-like NA NA
Gelsolin,PF00626.26,76,yHMPu5000034990_Candida_corydali,2980,6.9e-08,32.4,0,29.8,1195,1283,1194,1283,0.79,Gelsolin repeat NA
HLH,PF00010.30,53,yHMPu5000034998_Cephaloascus_albidus,595,8.3e-08,32.1,0.1,31.1,515,567,515,569,0.91,Helix-loop-helix DNA-binding domain
HLH,PF00010.30,53,yHMPu5000034999_Cephaloascus_fragrans,561,1.1e-08,34.9,0.1,33.9,474,527,474,528,0.92,Helix-loop-helix DNA-binding domain
HLH,PF00010.30,53,yHMPu5000035018_Candida_canberraensis,581,1.2e-09,38.1,0,37,511,564,511,565,0.9,Helix-loop-helix DNA-binding domain
HLH,PF00010.30,53,yHMPu5000035022_Candida_emberorum,613,3.4e-09,36.6,0,35.6,541,594,541,595,0.92,Helix-loop-helix DNA-binding domain
HLH,PF00010.30,53,yHMPu5000035031_Candida_kruisii,539,4.8e-10,39.3,0.2,-1.3,314,338,312,343,0.72,Helix-loop-helix DNA-binding domain
HLH,PF00010.30,53,yHMPu5000035031_Candida_kruisii,539,4.8e-10,39.3,0.2,37.3,476,529,476,530,0.91,Helix-loop-helix DNA-binding domain
HLH,PF00010.30,53,yHMPu5000035032_Candida_gatunensis,491,4.2e-09,36.3,0.1,35.2,428,481,428,482,0.9,Helix-loop-helix DNA-binding domain
HLH,PF00010.30,53,yHMPu5000035033_Candida_cretensis,526,1.3e-09,37.9,0.1,36.9,463,516,463,517,0.89,Helix-loop-helix DNA-binding domain
HLH,PF00010.30,53,yHMPu5000035037_Candida_montana,585,3.2e-08,33.5,0,32.6,496,549,496,550,0.95,Helix-loop-helix DNA-binding domain
HLH,PF00010.30,53,yHMPu5000035040_Ambrosiozyma_maleeae,747,8.7e-09,35.3,0.2,34.2,637,691,637,691,0.92,Helix-loop-helix DNA-binding domain
HLH,PF00010.30,53,yHMPu5000035041_Ambrosiozyma_pseudovanderkliftii,839,3.6e-08,33.3,0.3,32.2,731,785,731,785,0.9,Helix-loop-helix DNA-binding domain
HLH,PF00010.30,53,yHMPu5000035044_Barnettozyma_californica,514,1.8e-11,43.9,0,42.9,425,478,425,479,0.94,Helix-loop-helix DNA-binding domain
HLH,PF00010.30,53,yHMPu5000035045_Barnettozyma_hawaiiensis,550,3.1e-11,43.1,0,42.3,461,514,461,515,0.94,Helix-loop-helix DNA-binding domain
HLH,PF00010.30,53,yHMPu5000035046_Barnettozyma_populi,547,3.6e-11,42.9,0,41.9,458,511,458,512,0.94,Helix-loop-helix DNA-binding domain
HLH,PF00010.30,53,yHMPu5000035047_Barnettozyma_pratensis,523,1.2e-08,34.8,0.1,34,434,487,434,488,0.95,Helix-loop-helix DNA-binding domain
HLH,PF00010.30,53,yHMPu5000035048_Barnettozyma_salicaria,496,4.1e-08,33.1,0.1,32.2,407,460,407,461,0.94,Helix-loop-helix DNA-binding domain
HLH,PF00010.30,53,yHMPu5000035242_Zygoascus_ofunaensis,661,1.6e-08,34.4,0.1,33,565,615,565,615,0.97,Helix-loop-helix DNA-binding domain
HLH,PF00010.30,53,yHMPu5000035243_Zygoascus_meyerae,594,1.5e-09,37.7,0.2,36.9,520,570,520,570,0.98,Helix-loop-helix DNA-binding domain
HLH,PF00010.30,53,yHMPu5000035252_Yamadazyma_nakazawae,413,1.2e-09,38,0,36.8,350,403,350,404,0.91,Helix-loop-helix DNA-binding domain
HLH,PF00010.30,53,yHMPu5000035261_Candida_ponderosae,537,1e-11,44.6,0.5,43.7,436,490,436,490,0.96,Helix-loop-helix DNA-binding domain
HLH,PF00010.30,53,yHMPu5000035268_Wickerhamomyces_hampshirensis,514,2.3e-10,40.3,0.4,-3.1,344,363,343,367,0.74,Helix-loop-helix DNA-binding domain
HLH,PF00010.30,53,yHMPu5000035268_Wickerhamomyces_hampshirensis,514,2.3e-10,40.3,0.4,38.9,387,440,387,441,0.95,Helix-loop-helix DNA-binding domain
HLH,PF00010.30,53,yHMPu5000035274_Wickerhamomyces_alni,554,1e-10,41.5,0.1,39.8,470,523,470,524,0.94,Helix-loop-helix DNA-binding domain
HLH,PF00010.30,53,yHMPu5000035279_Tortispora_starmeri,562,2e-14,53.3,0.2,52.2,493,544,493,545,0.98,Helix-loop-helix DNA-binding domain
HLH,PF00010.30,53,yHMPu5000035282_Trigonopsis_vinaria,611,6.8e-12,45.2,0.3,44.1,547,598,547,598,0.96,Helix-loop-helix DNA-binding domain
HLH,PF00010.30,53,yHMPu5000035286_Candida_azyma,555,8.3e-10,38.5,0.2,37.3,473,526,473,527,0.94,Helix-loop-helix DNA-binding domain
HLH,PF00010.30,53,yHMPu5000035296_Priceomyces_carsonii,475,6.6e-10,38.9,0,37.9,411,464,411,465,0.91,Helix-loop-helix DNA-binding domain
HLH,PF00010.30,53,yHMPu5000035297_Priceomyces_castillae,485,5.9e-10,39,0.1,38,421,475,421,475,0.9,Helix-loop-helix DNA-binding domain
HLH,PF00010.30,53,yHMPu5000035301_Pichia_terricola,504,1.1e-07,31.7,0,30.4,439,492,439,493,0.9,Helix-loop-helix DNA-binding domain
HLH,PF00010.30,53,yHMPu5000035318_Hyphopichia_heimii,537,3.7e-10,39.6,0.2,38.5,475,528,475,529,0.91,Helix-loop-helix DNA-binding domain
HLH,PF00010.30,53,yHMPu5000035325_Cyberlindnera_petersonii,535,2.1e-11,43.6,0.3,42.5,451,505,451,505,0.94,Helix-loop-helix DNA-binding domain
HLH,PF00010.30,53,yHMPu5000035335_Candida_blattae,468,5.9e-10,39,0.1,37.9,401,454,401,455,0.93,Helix-loop-helix DNA-binding domain
HLH,PF00010.30,53,yHMPu5000035629_Yueomyces_sinensis,477,2.9e-12,46.4,0.7,45.2,418,471,418,472,0.96,Helix-loop-helix DNA-binding domain
HLH,PF00010.30,53,yHMPu5000035633_Candida_hispaniensis,670,5.3e-12,45.5,0.2,44.7,566,616,566,616,0.98,Helix-loop-helix DNA-binding domain
HLH,PF00010.30,53,yHMPu5000035639_Wickerhamomyces_canadensis,544,7.8e-10,38.6,0.2,37.3,462,515,462,516,0.94,Helix-loop-helix DNA-binding domain
HLH,PF00010.30,53,yHMPu5000035640_Yamadazyma_philogaea,488,2e-08,34.1,0,33.1,425,478,425,479,0.91,Helix-loop-helix DNA-binding domain
HLH,PF00010.30,53,yHMPu5000035641_Yamadazyma_scolyti,425,1.9e-09,37.4,0,36.3,362,416,362,416,0.88,Helix-loop-helix DNA-binding domain
HLH,PF00010.30,53,yHMPu5000035643_Yarrowia_bubula,647,1e-11,44.6,0.8,-2.9,30,42,30,49,0.81,Helix-loop-helix DNA-binding domain
HLH,PF00010.30,53,yHMPu5000035643_Yarrowia_bubula,647,1e-11,44.6,0.8,43.5,551,601,551,601,0.96,Helix-loop-helix DNA-binding domain
HLH,PF00010.30,53,yHMPu5000035645_Yarrowia_divulgata,725,1.1e-11,44.6,0.5,-3.6,30,41,30,47,0.83,Helix-loop-helix DNA-binding domain
HLH,PF00010.30,53,yHMPu5000035645_Yarrowia_divulgata,725,1.1e-11,44.6,0.5,43.3,629,679,629,679,0.96,Helix-loop-helix DNA-binding domain
HLH,PF00010.30,53,yHMPu5000035650_Trigonopsis_variabilis,515,3.3e-12,46.2,0.3,45.1,450,501,450,501,0.96,Helix-loop-helix DNA-binding domain
HLH,PF00010.30,53,yHMPu5000035651_Torulaspora_microellipsoides,613,7.6e-10,38.7,0.2,37.7,552,605,552,606,0.95,Helix-loop-helix DNA-binding domain
HLH,PF00010.30,53,yHMPu5000035652_Torulaspora_maleeae,448,1.2e-09,38,0.1,37.2,385,438,385,439,0.92,Helix-loop-helix DNA-binding domain
HLH,PF00010.30,53,yHMPu5000035654_Tortispora_ganteri,495,2.5e-11,43.4,0.2,42.2,423,475,423,475,0.98,Helix-loop-helix DNA-binding domain
HLH,PF00010.30,53,yHMPu5000035658_Starmera_amethionina,443,1e-10,41.4,0.2,40.4,365,418,365,419,0.95,Helix-loop-helix DNA-binding domain
HLH,PF00010.30,53,yHMPu5000035659_Saturnispora_dispora,305,1.4e-09,37.8,0.2,36.6,238,292,238,292,0.91,Helix-loop-helix DNA-binding domain
HLH,PF00010.30,53,yHMPu5000035662_Meyerozyma_caribbica,432,9.7e-11,41.5,0.1,40.7,369,422,369,423,0.93,Helix-loop-helix DNA-binding domain
HLH,PF00010.30,53,yHMPu5000035665_Middelhovenomyces_tepae,537,6.5e-12,45.3,0.7,44.3,470,520,470,520,0.98,Helix-loop-helix DNA-binding domain
HLH,PF00010.30,53,yHMPu5000035667_Kurtzmaniella_cleridarum,571,2.2e-10,40.4,0.2,39,509,562,509,563,0.9,Helix-loop-helix DNA-binding domain
HLH,PF00010.30,53,yHMPu5000035670_Phaffomyces_opuntiae,505,6e-08,32.6,0,31.6,416,469,416,470,0.95,Helix-loop-helix DNA-binding domain
HLH,PF00010.30,53,yHMPu5000035671_Phaffomyces_antillensis,505,6.2e-08,32.5,0,31.6,416,469,416,470,0.95,Helix-loop-helix DNA-binding domain
HLH,PF00010.30,53,yHMPu5000035672_Phaffomyces_thermotolerans,525,6.9e-08,32.4,0,31.4,436,489,436,490,0.95,Helix-loop-helix DNA-binding domain
HLH,PF00010.30,53,yHMPu5000035673_Candida_orba,544,8e-08,32.2,0.1,31.3,455,508,455,509,0.95,Helix-loop-helix DNA-binding domain
HLH,PF00010.30,53,yHMPu5000035674_Kregervanrija_delftensis,637,1.3e-06,28.3,0.2,-4,301,309,296,311,0.82,Helix-loop-helix DNA-binding domain
HLH,PF00010.30,53,yHMPu5000035674_Kregervanrija_delftensis,637,1.3e-06,28.3,0.2,28.3,548,602,548,602,0.89,Helix-loop-helix DNA-binding domain
HLH,PF00010.30,53,yHMPu5000035675_Kregervanrija_fluxuum,603,2.1e-06,27.6,1.8,-3.9,275,284,273,286,0.83,Helix-loop-helix DNA-binding domain
HLH,PF00010.30,53,yHMPu5000035675_Kregervanrija_fluxuum,603,2.1e-06,27.6,1.8,27.2,515,568,515,569,0.88,Helix-loop-helix DNA-binding domain
HLH,PF00010.30,53,yHMPu5000035677_Kodamaea_ohmeri,551,3.2e-09,36.7,0,35.7,489,542,489,543,0.92,Helix-loop-helix DNA-binding domain
HLH,PF00010.30,53,yHMPu5000035679_Candida_rhagii,536,3.7e-10,39.7,0.2,38.5,474,527,474,528,0.91,Helix-loop-helix DNA-binding domain
HLH,PF00010.30,53,yHMPu5000035681_Candida_gotoi,534,4.9e-10,39.3,0.2,38.2,472,525,472,526,0.89,Helix-loop-helix DNA-binding domain
HLH,PF00010.30,53,yHMPu5000035686_Cyberlindnera_saturnus,481,4.5e-10,39.4,0.6,-1.8,364,380,362,382,0.78,Helix-loop-helix DNA-binding domain
HLH,PF00010.30,53,yHMPu5000035686_Cyberlindnera_saturnus,481,4.5e-10,39.4,0.6,37.5,395,448,395,449,0.95,Helix-loop-helix DNA-binding domain
HLH,PF00010.30,53,yHMPu5000035687_Cyberlindnera_suaveolens,476,4.2e-10,39.5,0.6,-1.8,359,375,357,377,0.78,Helix-loop-helix DNA-binding domain
HLH,PF00010.30,53,yHMPu5000035687_Cyberlindnera_suaveolens,476,4.2e-10,39.5,0.6,37.5,390,443,390,444,0.95,Helix-loop-helix DNA-binding domain
HLH,PF00010.30,53,yHMPu5000035688_Cyberlindnera_xylosilytica,528,1.3e-10,41.1,0,39.6,442,495,442,496,0.95,Helix-loop-helix DNA-binding domain
HLH,PF00010.30,53,yHMPu5000035689_Candida_mycetangii,540,7.4e-11,41.9,0.5,-0.5,410,430,408,431,0.74,Helix-loop-helix DNA-binding domain
HLH,PF00010.30,53,yHMPu5000035689_Candida_mycetangii,540,7.4e-11,41.9,0.5,39.6,455,509,455,509,0.93,Helix-loop-helix DNA-binding domain
HLH,PF00010.30,53,yHMPu5000035690_Candida_vartiovaarae,499,8.3e-09,35.3,0.1,34.2,405,458,405,459,0.91,Helix-loop-helix DNA-binding domain
HLH,PF00010.30,53,yHMPu5000035691_Candida_salmanticensis,606,3.1e-09,36.7,0.1,35.4,518,568,518,568,0.97,Helix-loop-helix DNA-binding domain
HLH,PF00010.30,53,yHMPu5000035696_Hanseniaspora_singularis,555,4.6e-13,48.9,1.1,47.6,476,528,475,529,0.93,Helix-loop-helix DNA-binding domain
HLH,PF00010.30,53,yHMPu5000035699_Cyberlindnera_maclurae,760,1.9e-09,37.4,0.1,-3.6,176,186,175,189,0.81,Helix-loop-helix DNA-binding domain
HLH,PF00010.30,53,yHMPu5000035699_Cyberlindnera_maclurae,760,1.9e-09,37.4,0.1,-2.3,432,449,432,449,0.74,Helix-loop-helix DNA-binding domain
HLH,PF00010.30,53,yHMPu5000035699_Cyberlindnera_maclurae,760,1.9e-09,37.4,0.1,37.4,674,728,674,728,0.96,Helix-loop-helix DNA-binding domain
HLH,PF00010.30,53,yHMPu5000035703_Cyberlindnera_americana,443,1.1e-12,47.7,0.6,0.3,317,335,316,337,0.86,Helix-loop-helix DNA-binding domain
HLH,PF00010.30,53,yHMPu5000035703_Cyberlindnera_americana,443,1.1e-12,47.7,0.6,44.6,359,413,359,413,0.91,Helix-loop-helix DNA-binding domain
HLH,PF00010.30,53,yHMPu5000035707_Candida_heveicola,440,1.1e-09,38.2,1.4,36.6,364,417,364,418,0.9,Helix-loop-helix DNA-binding domain
HLH,PF00010.30,53,yHMPu5000035707_Candida_heveicola,440,1.1e-09,38.2,1.4,-0.2,421,435,419,439,0.68,Helix-loop-helix DNA-binding domain
HLH,PF00010.30,53,yHMPu5000041678_Debaryomyces_prosopidis,495,8.2e-10,38.6,0.3,37.6,428,481,428,482,0.9,Helix-loop-helix DNA-binding domain
HLH,PF00010.30,53,yHMPu5000041693_Debaryomyces_nepalensis,492,1.4e-09,37.8,0.2,36.8,425,478,425,479,0.9,Helix-loop-helix DNA-binding domain
HLH,PF00010.30,53,yHMPu5000041713_Debaryomyces_maramus,509,5.5e-09,35.9,0.3,34.8,442,495,442,496,0.9,Helix-loop-helix DNA-binding domain
HLH,PF00010.30,53,yHMPu5000041743_Candida_hawaiiana,338,8.2e-10,38.5,0.6,37.3,264,317,264,318,0.88,Helix-loop-helix DNA-binding domain
HLH,PF00010.30,53,yHMPu5000041818_Magnusiomyces_tetrasperma,1049,2.8e-11,43.3,0.3,-2.7,159,174,152,194,0.72,Helix-loop-helix DNA-binding domain
HLH,PF00010.30,53,yHMPu5000041818_Magnusiomyces_tetrasperma,1049,2.8e-11,43.3,0.3,43.3,902,952,902,952,0.98,Helix-loop-helix DNA-binding domain
HLH,PF00010.30,53,yHMPu5000041818_Magnusiomyces_tetrasperma,1049,2.8e-11,43.3,0.3,0.8,958,971,955,975,0.86,Helix-loop-helix DNA-binding domain
HLH,PF00010.30,53,yHMPu5000041822_Dipodascus_geniculatus,506,4.6e-09,36.2,0,35.3,440,490,440,490,0.95,Helix-loop-helix DNA-binding domain
HLH,PF00010.30,53,yHMPu5000041824_Debaryomyces_subglobosus,495,9.4e-10,38.4,0.3,37.5,428,481,428,482,0.9,Helix-loop-helix DNA-binding domain
HLH,PF00010.30,53,yHMPu5000041829_Debaryomyces_fabryi,495,8.5e-10,38.5,0.3,37.6,428,481,428,482,0.9,Helix-loop-helix DNA-binding domain
HLH,PF00010.30,53,yHMPu5000041833_Candida_tammaniensis,386,6.8e-10,38.8,0.1,37.8,321,374,321,375,0.9,Helix-loop-helix DNA-binding domain
HLH,PF00010.30,53,yHMPu5000041840_Candida_wancherniae,482,5.6e-10,39.1,0.3,38.1,416,469,416,470,0.88,Helix-loop-helix DNA-binding domain
HLH,PF00010.30,53,yHMPu5000041855_Candida_ascalaphidarum,498,3.2e-09,36.6,0.2,35.6,434,487,434,488,0.9,Helix-loop-helix DNA-binding domain
HLH,PF00010.30,53,yHMPu5000041862_Candida_golubevii,594,1.2e-09,38.1,0.1,37,528,582,528,582,0.95,Helix-loop-helix DNA-binding domain
HLH,PF00010.30,53,yHMPu5000041863_Candida_gorgasii,434,5.2e-10,39.2,0.1,37.9,371,424,371,425,0.9,Helix-loop-helix DNA-binding domain